,coef,erro_padrao,p_valor
const,-68269.13334204712,112532.62009043433,0.5440760182438749
area_m2,710.3015059261197,1139.7453523368363,0.5331460671276909
quartos,102164.93087858759,55762.30436707737,0.06692900919386388
banheiros,182401.97531244377,45283.15767019387,5.624586304653943e-05
vagas,143826.5032381297,41208.7621439233,0.0004826731399192249
bairro_Buritis,-142559.25320118215,65129.68713084978,0.028607590690506154
bairro_Castelo,-333200.99354474014,103826.54862962935,0.0013310115197678522
bairro_Colégio Batista,276036.18930090097,188640.00434333924,0.14338636481374306
bairro_Estoril,-121325.77230245697,172802.11367103676,0.48261172026357535
bairro_Lourdes,726791.6101189392,262709.9871236931,0.005665865406448479
bairro_Santa Efigênia,156604.53654014357,142860.3344261528,0.2729880808264856
bairro_Santa Mônica,-201042.46908534205,98118.31748698218,0.04046407172469228
bairro_Santo Antônio,332399.2915546936,138171.22922646985,0.016141269138382916
bairro_Savassi,667973.9882073519,196781.69168628426,0.0006875590839174363
tipo_casa,-335417.02394216607,172709.91043341838,0.0521270230626177
tipo_cobertura,-67573.65970210545,110347.62167634151,0.5402924665332249
