,coef,erro_padrao,p_valor,efeito_%
const,10.788512087233388,0.34080501055464346,6.2769935578019225e-220,
log_area,0.5050667846745192,0.1009617206622458,5.657478178360309e-07,
quartos,-0.004681915079540904,0.05086321053945392,0.9266589926544765,-0.46709719999857846
banheiros,0.1435963601359449,0.03530930006117666,4.766022788132956e-05,15.441804532751991
vagas,0.106558207921333,0.03089515243202544,0.0005626109148813782,11.244267753701465
bairro_Buritis,0.015332306222392388,0.055000600923052166,0.7804242870787781,1.5450449057892612
bairro_Castelo,-0.2139121161371797,0.07980918693557817,0.00735574376166073,-19.258065896470246
bairro_Colégio Batista,0.37074919245982735,0.14915673547470074,0.012932055079882975,44.881965292095025
bairro_Estoril,0.01141297971612604,0.17387833241112943,0.9476662465569188,1.1478356246069632
bairro_Lourdes,0.641239984096231,0.120816876438798,1.1111674683613671e-07,89.88339440140057
bairro_Santa Efigênia,0.30296971690455043,0.1274854067158209,0.017477520652934196,35.38734643421393
bairro_Santa Mônica,-0.20614804513830565,0.19206670621409525,0.28312988119278515,-18.62873988293179
bairro_Santo Antônio,0.40577365030642254,0.11024301301375311,0.0002325763958850473,50.04628847034471
bairro_Savassi,0.6204509705574408,0.14190528587426132,1.2295042415221514e-05,85.97665527192629
tipo_casa,-0.5414772184936775,0.10545125825747151,2.8235739645600715e-07,-41.81119586053643
tipo_cobertura,-0.13844572309245673,0.0864326624759023,0.109205257697211,-12.92894905395906
