alvo,opcao,recorte,n,R2_cv,R2_dp,RMSE_cv,MAE_cv
linear,(base) atual (todos os imóveis),escopo próprio,224,0.47455660886765444,0.008112639259969984,455375.69116442534,332501.81332010013
linear,(base) atual (todos os imóveis),apto + cobertura,180,0.4273908681748597,0.010528187261735912,425711.69876984274,313365.58134650235
linear,(base) atual (todos os imóveis),casas não suspeitas,41,0.4953381198620523,0.021498348370229712,569906.0194869357,412666.2730069964
linear,(a) interação área × tipo,escopo próprio,224,0.49492901904014364,0.015508024771827323,446421.7881202658,328115.32548937417
linear,(a) interação área × tipo,apto + cobertura,180,0.44170353094880976,0.009908821219782253,420358.7860415191,310822.9720089003
linear,(a) interação área × tipo,casas não suspeitas,41,0.5314721182769807,0.032778769828679936,548919.6965995025,401370.17419766047
linear,(b) só apartamentos + coberturas,escopo próprio,180,0.4453462286099083,0.007552460897111127,418991.8719082819,307010.49763891805
linear,(b) só apartamentos + coberturas,apto + cobertura,180,0.4453462286099083,0.007552460897111127,418991.8719082819,307010.49763891805
linear,(c) sem as casas suspeitas,escopo próprio,221,0.46647713678671004,0.010850269300558537,460134.94500817795,332351.2470948496
linear,(c) sem as casas suspeitas,apto + cobertura,180,0.431540926462976,0.009732688707199658,424168.5526833683,311404.6699810398
linear,(c) sem as casas suspeitas,casas não suspeitas,41,0.4542162778647146,0.03942573605167685,592426.3454292287,424311.8295457217
log-log,(base) atual (todos os imóveis),escopo próprio,224,0.15752272949630375,0.08263864550260154,575927.0658078315,337917.7645057672
log-log,(base) atual (todos os imóveis),apto + cobertura,180,0.44192499317916584,0.008157210755155783,420280.6482320184,292233.45378616924
log-log,(base) atual (todos os imóveis),casas não suspeitas,41,-0.596570502405644,0.2597152921848157,1010428.3550926276,533824.9759839755
log-log,(a) interação área × tipo,escopo próprio,224,0.40592582751650114,0.04666278083198113,483848.4519471421,327418.3533260308
log-log,(a) interação área × tipo,apto + cobertura,180,0.4161966722316423,0.018468773439389366,429817.5234885478,299332.28915582335
log-log,(a) interação área × tipo,casas não suspeitas,41,0.2794319068307692,0.11762962195736001,678907.2536607315,455160.7293851275
log-log,(b) só apartamentos + coberturas,escopo próprio,180,0.42885793620700247,0.01742210823785122,425134.7981798191,293221.655333704
log-log,(b) só apartamentos + coberturas,apto + cobertura,180,0.42885793620700247,0.01742210823785122,425134.7981798191,293221.655333704
log-log,(c) sem as casas suspeitas,escopo próprio,221,0.15567544441249015,0.08499142119022628,578139.168302227,337978.0284450836
log-log,(c) sem as casas suspeitas,apto + cobertura,180,0.44582295706337244,0.006791113642256226,418813.6350516548,291338.18880969076
log-log,(c) sem as casas suspeitas,casas não suspeitas,41,-0.6092528508085729,0.26787102227828874,1014337.646575713,542738.3000151011
