alvo,interacao,params,R2_log,R2_R$_sem,R2_R$,R2_R$_dp,RMSE,MAE,MedAE,smear,truncadas,tabela,bairro
log-log,completa,15.0,0.5129027304390714,0.3003789138784958,0.2673035157451271,0.05596494705715624,537363.9659655177,356810.26469685556,235009.15004205322,1.0740819722135146,,0_interacao,
log-log,simplificada,13.0,0.4953954765032722,0.29892790912499895,0.2700189332525978,0.030506633044899024,536637.5858657007,356884.60717762396,226139.33867682843,1.0793439234332627,,0_interacao,
linear,completa,15.0,0.4570506603287376,,0.4500006040931274,0.015754839001652032,465861.3381174463,343495.16906859935,250461.0365411558,,3.0,0_interacao,
linear,simplificada,13.0,0.4360247468811602,,0.4362188907418503,0.008971486217548558,471695.1850578811,341523.7521053765,237042.03734092656,,3.3333333333333335,0_interacao,
log-log,,,0.4953954765032722,0.29892790912499895,0.2700189332525978,0.030506633044899024,536637.5858657007,356884.60717762396,226139.33867682843,1.0793439234332627,,3_duan,
linear,,,0.4360247468811602,,0.4362188907418503,0.008971486217548558,471695.1850578811,341523.7521053765,237042.03734092656,,3.3333333333333335,3_duan,
log-log,,11.0,0.4953954765032722,0.29892790912499895,0.2700189332525978,0.030506633044899024,536637.5858657007,356884.60717762396,226139.33867682843,1.0793439234332627,,4_bairro,"(a) bairro, limiar 5"
log-log,,28.0,0.5328397828915833,0.39108335970120583,0.3636048838097361,0.010789357644803288,501149.83330514445,334948.59343442635,203721.687200362,1.0609759121182336,,4_bairro,"(b) bairro, limiar 3"
log-log,,15.0,0.6373594709370137,0.3894092788758143,0.3572439662000085,0.02799088577554104,503546.32688693004,294193.3047194542,169969.80253867785,1.0532100690737376,,4_bairro,(c) regional administrativa
log-log,,8.0,0.5412004990746105,0.40882728871701396,0.380313462806261,0.027291557550695015,494426.8395864256,343847.67064976663,231115.82168207355,1.0791888287798137,,4_bairro,(d) target encoding
linear,,11.0,0.4360247468811602,,0.4362188907418503,0.008971486217548558,471695.1850578811,341523.7521053765,237042.03734092656,,3.3333333333333335,4_bairro,"(a) bairro, limiar 5"
linear,,28.0,0.4639736048239682,,0.4783520445159277,0.011128669057719625,453715.7248745242,328083.97492037964,230237.85795877696,,3.3333333333333335,4_bairro,"(b) bairro, limiar 3"
linear,,15.0,0.5709120595534913,,0.5840820359768832,0.002712426295019541,405155.1687978156,284985.79608704476,181698.6696088292,,7.666666666666667,4_bairro,(c) regional administrativa
linear,,8.0,0.4580940035830854,,0.47573333922835337,0.005638032312520531,454872.5252793752,340212.00741880696,256842.55796031482,,6.0,4_bairro,(d) target encoding
