variaveis,modelo,alvo,R2_teste,RMSE_teste,MAE_teste,R2_cv,RMSE_cv,MAE_cv
base,OLS,preco,0.40579432762969314,424838.9718963853,318076.3981146801,0.4216388152492865,467364.0902049444,349989.0300138682
base,OLS,log(preco),0.3006061960725591,460910.75562837545,335288.26731172996,0.15294920791514965,565601.4283552982,357217.71342293144
base,Ridge,preco,0.4096763954653807,423448.91761990165,316030.1513646165,0.42111116206912846,467577.23549755145,349233.9122500313
base,Ridge,log(preco),0.30241513515555873,460314.31104294845,338351.0905083674,0.2819842529942749,520742.17847488256,349427.59905974584
base,Lasso,preco,0.4074143896410628,424259.42908873176,318471.63205872726,0.4256841203138374,465726.7501202144,347320.76303691434
base,Lasso,log(preco),0.3036554675280083,459904.9008151636,336542.5988804129,0.26523436164037717,526781.1064662941,353586.96053777554
base + bairro,OLS,preco,0.427452628310095,417024.59109993343,293420.9339500397,0.4855019495066649,440806.14269750525,320953.9508697566
base + bairro,OLS,log(preco),0.3773017766329724,434905.3656738927,279237.7116700759,0.2900852194088308,517796.2254804893,318162.17297444725
base + bairro,Ridge,preco,0.4480847908002987,409441.75831592066,284862.6239704108,0.4854888892104522,440811.73749252525,319070.037771449
base + bairro,Ridge,log(preco),0.383115820834786,432870.2796251467,276324.30071041256,0.2949687095794714,516012.1969555188,315901.90580325545
base + bairro,Lasso,preco,0.44163097597912826,411828.70216520596,289082.3626085222,0.4867997061263615,440249.8526575429,319993.6457341473
base + bairro,Lasso,log(preco),0.3790993957485683,434277.1647166996,280157.3137645207,0.29248439814973304,516920.5308948634,317265.3871464759
base + bairro + tipo,OLS,preco,0.4731615252609074,400031.96398282767,280360.6402380127,0.46892894545417263,447849.49284926924,326200.70170809195
base + bairro + tipo,OLS,log(preco),0.518650882595316,382371.96460979513,247026.17916945665,0.3127612310396082,509459.4198416083,313312.5030822105
base + bairro + tipo,Ridge,preco,0.49882161462318,390168.4235037374,271369.8302767658,0.47459785321559245,445452.7994244053,323801.27395654924
base + bairro + tipo,Ridge,log(preco),0.5226243868443086,380790.4667671029,247018.48787975105,0.32748665922994713,503971.7850392699,310336.61765342025
base + bairro + tipo,Lasso,preco,0.48101146913537995,397040.5216249388,280951.4752815815,0.46899426504154085,447821.9501660524,325153.39796554286
base + bairro + tipo,Lasso,log(preco),0.5149942606071066,383821.58230455464,249385.51667255402,0.32771484771939596,503886.27720607165,311660.77520872577
