,coef,erro_padrao_HC3,p_valor
const,-233536.9276282431,133774.26414194095,0.08085374510947795
area_m2,2013.2112825467984,969.6728907985683,0.03787770484394895
area_x_casa,-1936.5189188826487,842.9497584673759,0.021600955865202987
casa,245475.8785615916,127355.77732740446,0.05391967698855097
quartos,70406.49325469755,50040.835023970896,0.15943308715484272
banheiros,131164.83566342792,43290.037317400725,0.0024462814431871777
vagas,164282.29936540563,41688.75858012144,8.124898743414043e-05
reg_Barreiro,-130249.52261304238,129020.05786865501,0.3127208796880866
reg_Centro-Sul,399119.4100976042,76436.40020312824,1.773950436385605e-07
reg_Leste,115529.88387513497,98506.45406556372,0.24086985110702808
reg_Nordeste,8471.301803431852,76239.09124530575,0.9115252042568126
reg_Noroeste,-186523.76065997157,129512.13580791299,0.14980998752944827
reg_Norte,-248525.5006700621,119574.8942340177,0.03767173194063147
reg_Pampulha,-17739.903355987073,77554.37432913555,0.8190698430622839
reg_Venda Nova,-60383.90967297417,81792.46998467574,0.46035794832034227
lancamento,597901.2332343878,102816.66991971032,6.055532703899145e-09
