,coef,erro_padrao_HC3,p_valor,efeito_%
const,10.787451242299456,0.2953315404370802,4.198516915683028e-292,
log_area,0.48617117449071323,0.08539190610293755,1.2452650828668171e-08,
log_area_x_casa,-0.4259423016668462,0.11643789905742025,0.0002540849065971433,
casa,2.0106593014561263,0.6113335523249515,0.0010055381307630432,
quartos,0.01937158718541032,0.04692173053289662,0.6797172851828766,1.9560433829146406
banheiros,0.09541562066393011,0.031120608593398248,0.002169471684335759,10.01159910605569
vagas,0.13124374388350374,0.030377375906644456,1.557157468171504e-05,14.02456753521868
reg_Barreiro,-0.2985898571642389,0.15015046292133605,0.04674489570811642,-25.813638290588692
reg_Centro-Sul,0.2764403018704482,0.06952501573722175,7.004668652778552e-05,31.842824266832515
reg_Leste,0.12268371251938626,0.08941143906543028,0.170024382938477,13.052679292273739
reg_Nordeste,-0.0446909308222152,0.08090029360396284,0.5806607104148148,-4.370700314628573
reg_Noroeste,-0.3078586990199126,0.11236949100997772,0.006149527976555572,-26.49808303992223
reg_Norte,-0.3619196219557068,0.09271364367226255,9.476120016320938e-05,-30.366166409395447
reg_Pampulha,-0.0871994415593802,0.06836479043211272,0.20213154098652908,-8.3505709646158
reg_Venda Nova,-0.2276492488142412,0.0700878135301319,0.0011619578422433078,-20.359644965852286
lancamento,0.542322029567751,0.07651800729452687,1.3654788718375402e-12,71.9996110641307
