variavel,VIF_linear,VIF_linear_area_centrada,VIF_loglog,VIF_loglog_area_centrada
area_m2,9.978443705526846,9.978443705526846,4.774749425283294,4.774749425283294
area_x_casa,14.132244432695618,6.299222189292079,156.07638695413885,4.703229734302361
casa,5.212914376126953,2.1616249447866673,144.9682965302814,4.10502093908125
quartos,2.6230408462518886,2.6230408462518877,2.875873154453603,2.875873154453603
banheiros,2.299020240267291,2.299020240267291,2.234716941981123,2.234716941981123
vagas,2.1380970933523877,2.1380970933523877,2.152235670908415,2.1522356709084143
reg_Barreiro,1.1218368974969055,1.1218368974969053,1.1209322328693125,1.1209322328693128
reg_Centro-Sul,1.6653584881448442,1.6653584881448447,1.6629654700299936,1.6629654700299936
reg_Leste,1.206127310696099,1.206127310696099,1.2064410266395331,1.2064410266395331
reg_Nordeste,1.2518870705923788,1.2518870705923788,1.254067417210018,1.254067417210018
reg_Noroeste,1.160234629835438,1.160234629835438,1.1624246092032717,1.1624246092032717
reg_Norte,1.160214212286631,1.160214212286631,1.1560342432935844,1.1560342432935844
reg_Pampulha,1.3437340972143317,1.343734097214332,1.3438362302525642,1.343836230252564
reg_Venda Nova,1.2628536086206084,1.2628536086206086,1.2644100383644845,1.2644100383644845
lancamento,1.3321746807620274,1.3321746807620276,1.3431638279413987,1.3431638279413987
