bairro,regional,duvidoso,obs
Aeroporto,Pampulha,,
Alto Barroca,Oeste,,
Anchieta,Centro-Sul,,
Bandeirantes (Pampulha),Pampulha,,
Barreiro,Barreiro,,
Barro Preto,Centro-Sul,,
Belvedere,Centro-Sul,,
Boa Viagem,Centro-Sul,,
Brasil Industrial (Barreiro),Barreiro,,
Braúnas,Pampulha,,
Buritis,Oeste,,
Cachoeirinha,Nordeste,,
Calafate,Oeste,,
Califórnia,Noroeste,,
Canaã,Venda Nova,sim,nome repetido em BH; atribuição incerta
Candelária,Venda Nova,,
Carlos Prates,Noroeste,,
Carmo,Centro-Sul,,
Castelo,Pampulha,,
Centro,Centro-Sul,,
Cidade Jardim,Centro-Sul,,
Cidade Nova,Nordeste,,
Cinquentenário,Oeste,,
Colégio Batista,Nordeste,sim,divisa Nordeste/Leste
Comiteco,Centro-Sul,,
Copacabana,Pampulha,sim,divisa Pampulha/Venda Nova
Cruzeiro,Centro-Sul,,
Céu Azul,Venda Nova,,
Diamante (Barreiro),Barreiro,,
Dom Bosco,Noroeste,,
Dom Joaquim,Nordeste,,
Dona Clara,Pampulha,,
Esplanada,Leste,,
Estoril,Oeste,,
Estrela do Oriente,Oeste,,
Floresta,Leste,,
Funcionários,Centro-Sul,,
Glória,Noroeste,,
Graça,Nordeste,,
Gutierrez,Oeste,,
Havaí,Oeste,,
Heliópolis,Norte,,
Indaiá,Pampulha,,
Ipiranga,Nordeste,,
Itapoã,Pampulha,,
Jaqueline,Norte,,
Jardim América,Oeste,,
Jardim Leblon,Venda Nova,,
Jardim dos Comerciários (Venda Nova),Venda Nova,,
Juliana,Norte,,
Lagoinha,Noroeste,,
Letícia,Venda Nova,,
Liberdade,Pampulha,,
Lourdes,Centro-Sul,,
Luxemburgo,Centro-Sul,,
Manacás,Pampulha,,
Mangabeiras,Centro-Sul,,
Mantiqueira,Venda Nova,,
Maria Virgínia,Nordeste,,
Milionários (Barreiro),Barreiro,,
Nova Floresta,Nordeste,,
Nova Granada,Oeste,,
Nova Suíssa,Oeste,,
Nova Vista,Leste,,
Ouro Preto,Pampulha,,
Padre Eustáquio,Noroeste,,
Palmeiras,Oeste,,
Paquetá,Pampulha,,
Paulo VI,Nordeste,,
Planalto,Norte,,
Pompéia,Leste,,
Pongelupe (Barreiro),Barreiro,,
Providência,Norte,,
Rio Branco,Venda Nova,,
Sagrada Família,Leste,,
Salgado Filho,Oeste,,
Santa Amélia,Pampulha,,
Santa Cruz,Nordeste,,
Santa Efigênia,Leste,sim,divisa Leste/Centro-Sul
Santa Lúcia,Centro-Sul,,
Santa Mônica,Venda Nova,,
Santa Tereza,Leste,,
Santo Agostinho,Centro-Sul,,
Santo André,Noroeste,,
Santo Antônio,Centro-Sul,,
Savassi,Centro-Sul,,
Serra,Centro-Sul,,
Serrano,Pampulha,,
Silveira,Nordeste,,
Sion,Centro-Sul,,
São Bento,Centro-Sul,,
São Bernardo,Norte,,
São Geraldo,Leste,,
São José,Pampulha,,
São João Batista (Venda Nova),Venda Nova,,
São Lucas,Centro-Sul,sim,divisa Centro-Sul/Leste
São Luiz,Pampulha,,
São Pedro,Centro-Sul,,
Trevo,Pampulha,,
União,Nordeste,,
Ventosa,Oeste,,
Vila Paris,Centro-Sul,,
Vila Pinho Vale do Jatobá (Barreiro),Barreiro,,
Álvaro Camargos,Noroeste,,
